symbol,date,avg_volume,last_volume,prev_volume,avg_volume_10d,rvol,open,close,pct_change,day_range_pct,range_vs_avg,buy_vol_pct,flow,vol_zscore,dollar_vol,direction,notes
CHGA,2026-09-30 13:55,52428,29489357,31544,58477,562.47,2.03,2.23,15.54,78.02,8.77,59.2,mixed,840.89,65761266,up,yfinance (consolidated)
NIVF,2026-09-30 13:55,2866437,793930861,43715033,5630809,276.97,0.1658,0.1621,125.45,67.98,0.78,76.1,bought up,80.3,128696194,up,yfinance (consolidated)
CNTB,2026-09-30 13:55,2104195,156142583,1555246,1397091,74.21,1.885,1.269,27.28,55.95,3.24,7.9,sold off,64.98,198144946,up,yfinance (consolidated)
LIQT,2026-09-30 13:55,111879,7951773,342874,100144,71.07,0.4692,0.4312,-14.0,60.74,3.09,52.6,mixed,87.62,3428804,down,yfinance (consolidated)
VBIO,2026-09-30 13:55,806365,50794095,366735,1480878,62.99,4.0,3.1406,11.76,42.67,2.79,9.8,sold off,21.66,159523933,up,yfinance (consolidated)
LGHL,2026-09-30 13:55,411118,18864551,63799,252980,45.89,6.6,3.55,-23.66,91.27,2.67,6.7,sold off,33.09,66969155,down,yfinance (consolidated)
AMSS,2026-09-30 13:55,106937,3815437,636493,180601,35.68,0.484,0.46,4.14,38.87,2.51,44.7,mixed,23.4,1755101,up,yfinance (consolidated)
PWCM,2026-09-30 13:55,146906,4325331,33205,139044,29.44,1.06,1.07,8.29,57.94,6.26,23.0,sold off,45.85,4628104,up,yfinance (consolidated)
AIB,2026-09-30 13:55,1071443,24240931,1107164,1035603,22.62,1.45,1.4901,-12.86,28.19,3.01,26.3,sold off,39.12,36121411,down,yfinance (consolidated)
FNGR,2026-09-30 13:55,11586231,258354184,3221812,15359826,22.3,0.1598,0.1777,31.14,30.67,3.01,38.8,sold off,14.8,45909537,up,yfinance (consolidated)
KALA,2026-09-30 13:55,1189395,26225873,9983720,1222861,22.05,0.5252,0.443,-11.98,21.74,1.68,13.1,sold off,8.86,11618061,down,yfinance (consolidated)
NCI,2026-09-30 13:55,1007411,16611386,1420969,1294256,16.49,1.78,1.2599,-3.82,69.05,0.67,71.6,bought up,15.56,20928684,down,yfinance (consolidated)
LESL,2026-09-30 13:55,2135103,30411954,1288229,3981593,14.24,0.165,0.1384,-37.49,60.33,1.15,77.0,bought up,5.04,4209014,down,yfinance (consolidated)
TARA,2026-09-30 13:55,735472,7440950,318768,1087161,10.12,3.3,3.04,-5.74,10.53,1.81,46.6,mixed,9.35,22620487,down,yfinance (consolidated)
PACB,2026-09-30 13:55,6714749,62058861,17094702,9066135,9.24,1.84,2.345,27.79,26.23,6.51,68.6,bought up,11.91,145528030,up,yfinance (consolidated)
AEON,2026-09-30 13:55,12318266,109839115,193360,855161,8.92,0.3206,0.2854,8.85,62.54,6.13,42.5,mixed,2.21,31348083,up,yfinance (consolidated)
LQDA,2026-09-30 13:55,866315,7358544,1302059,839266,8.49,70.54,35.855,-49.29,112.76,13.39,58.0,mixed,34.25,263840591,down,yfinance (consolidated)
CVRX,2026-09-30 13:55,504332,3490033,335181,406366,6.92,2.63,1.73,-34.47,57.8,5.29,20.6,sold off,15.97,6037757,down,yfinance (consolidated)
CAPR,2026-09-30 13:55,2647457,17814028,2043953,2305638,6.73,10.03,9.63,12.3,12.46,1.8,75.0,bought up,13.86,171549091,up,yfinance (consolidated)
RETO,2026-09-30 13:55,59622372,394047157,63866955,99660427,6.61,0.1106,0.1117,22.88,28.65,0.03,88.1,bought up,3.98,44015066,up,yfinance (consolidated)
HKD,2026-09-30 13:55,88391,583453,127503,91937,6.6,1.69,1.75,3.55,8.57,2.79,48.4,mixed,13.76,1021042,up,yfinance (consolidated)
CUPR,2026-09-30 13:55,142534,862538,40746,210361,6.05,2.09,2.23,9.85,32.74,3.38,22.8,sold off,2.54,1923459,up,yfinance (consolidated)
QTTB,2026-09-30 13:55,631101,3804192,844552,576973,6.03,10.0977,8.325,-12.74,26.67,3.31,33.1,sold off,9.0,31669897,down,yfinance (consolidated)
PYXS,2026-09-30 13:55,842219,4795578,177284,441013,5.69,2.375,2.215,-23.36,13.09,1.05,44.5,mixed,4.3,10622204,down,yfinance (consolidated)
UTHR,2026-09-30 13:55,387610,2188822,344996,370160,5.65,482.2,546.17,13.4,14.78,6.31,66.3,bought up,13.1,1195468874,up,yfinance (consolidated)
ZBAO,2026-09-30 13:55,11870135,66636261,1970696,21903837,5.61,0.0781,0.0889,9.35,28.68,1.41,84.2,bought up,1.98,5923963,up,yfinance (consolidated)
EVGN,2026-09-30 13:55,1550489,8513362,26999796,2799089,5.49,0.39,0.3731,-7.56,18.82,1.59,90.7,bought up,1.16,3176335,down,yfinance (consolidated)
FNV,2026-09-30 13:55,555080,2910222,447177,445499,5.24,252.06,242.13,-2.37,16.04,5.94,41.7,mixed,6.23,704652067,down,yfinance (consolidated)
ROG,2026-09-30 13:55,154075,791864,150593,188458,5.14,138.74,155.265,12.32,17.54,6.29,75.1,bought up,10.55,122948763,up,yfinance (consolidated)
NAUT,2026-09-30 13:55,2140536,10632794,21700107,3060906,4.97,1.47,1.405,3.31,14.23,1.79,30.5,sold off,1.8,14939075,up,yfinance (consolidated)
ELME,2026-09-30 13:55,660611,2997393,754048,890413,4.54,1.76,1.75,2.34,1.14,0.71,68.7,bought up,4.98,5245437,up,yfinance (consolidated)
AMIX,2026-09-30 13:50,86411,341177,46309,81492,3.95,3.83,3.7,-0.8,8.38,1.12,21.7,sold off,5.02,1262354,down,yfinance (consolidated)
TNON,2026-09-30 13:55,13027993,48098181,269833,741705,3.69,2.75,3.995,47.18,57.32,2.64,63.7,bought up,1.02,192152227,up,yfinance (consolidated)
JBL,2026-09-30 13:55,794745,2908877,1344070,937926,3.66,306.0,288.85,-9.48,13.55,3.89,44.0,mixed,7.51,840229139,down,yfinance (consolidated)
PEBO,2026-09-30 13:55,198848,653722,168955,199630,3.29,35.93,36.85,-5.17,4.37,2.75,44.6,mixed,6.52,24089654,down,yfinance (consolidated)
SITC,2026-09-30 13:55,692809,2203091,956926,698165,3.18,3.13,3.27,4.47,5.35,2.31,62.5,bought up,10.22,7204107,up,yfinance (consolidated)
