symbol,date,avg_volume,last_volume,prev_volume,avg_volume_10d,rvol,open,close,pct_change,day_range_pct,range_vs_avg,buy_vol_pct,flow,vol_zscore,dollar_vol,direction,notes,earnings_date,near_spike,eps_surprise,rev_yoy,record_quarter,earnings_note
BYSI,2026-09-28,80300,8196700,15600,26230,102.08,0.751,1.12,44.14,34.73,7.29,94.9,bought up,44.57,9180304,up,yfinance (consolidated),2022-04-14,False,-10.8,,False,last earnings 2022-04-14; EPS miss -10.8%
YMT,2026-09-28,172155,16078400,257600,207310,93.39,1.79,1.77,-2.21,4.8,0.32,58.8,mixed,63.82,28458767,down,yfinance (consolidated),,False,,,False,
KOD,2026-09-28,857670,38552000,2277300,1083440,44.95,61.71,89.92,177.96,39.23,18.75,83.4,bought up,83.08,3466595769,up,yfinance (consolidated),2026-08-13,False,-9.8,,False,last earnings 2026-08-13; EPS miss -9.8%
SOAR,2026-09-28,24549145,999814700,1028600,21548650,40.73,0.379,0.319,77.22,48.59,6.22,3.9,sold off,24.23,318940895,up,yfinance (consolidated),,False,,-96.1,False,-96% YoY rev
ONFO,2026-09-28,180255,5901000,823100,191380,32.74,0.904,1.06,16.48,24.53,3.67,84.6,bought up,34.36,6255059,up,yfinance (consolidated),2023-08-14,False,-73.3,-52.4,False,-52% YoY rev; last earnings 2023-08-14; EPS miss -73.3%
NIVF,2026-09-28,675366,13989500,10527600,1245870,20.71,0.459,0.345,-38.39,45.51,1.08,15.9,sold off,5.73,4826377,down,yfinance (consolidated),,False,,,False,
LONA,2026-09-28,69840,948900,343700,75240,13.59,3.3,2.87,-11.69,37.98,1.42,60.6,mixed,9.7,2723342,down,yfinance (consolidated),2026-08-14,False,41.0,,False,last earnings 2026-08-14; EPS beat +41.0%
SDEV,2026-09-28,1554335,14831100,13799000,2758650,9.54,1.74,1.57,5.37,20.38,2.77,31.3,sold off,4.24,23284827,up,yfinance (consolidated),2025-04-02,False,-66.2,,False,last earnings 2025-04-02; EPS miss -66.2%
FFAI,2026-09-28,2157340,20317100,23216800,3380060,9.42,1.78,1.41,-12.42,32.62,2.37,15.2,sold off,3.65,28647110,down,yfinance (consolidated),2026-08-13,False,-46.0,1448.1,True,record revenue (5q high); +1448% YoY rev; last earnings 2026-08-13; EPS miss -46.0%
MX,2026-09-28,836700,6845800,4447300,1368660,8.18,3.89,3.79,14.85,10.03,2.87,34.2,sold off,4.78,25945581,up,yfinance (consolidated),2026-04-28,False,50.0,-6.1,False,-6% YoY rev; last earnings 2026-04-28; EPS beat +50.0%
GETY,2026-09-28,3577100,27985400,11596800,4604270,7.82,0.143,0.083,-40.71,100.0,3.39,3.6,sold off,7.22,2322788,down,yfinance (consolidated),2026-08-10,False,-259.5,-2.5,False,-2% YoY rev; last earnings 2026-08-10; EPS miss -259.5%
SLXN,2026-09-28,13195190,77399300,1169300,14119820,5.87,0.262,0.248,-4.62,14.52,0.65,22.2,sold off,2.33,19195026,down,yfinance (consolidated),2026-08-14,False,-143.9,,False,last earnings 2026-08-14; EPS miss -143.9%
CAAP,2026-09-28,206810,1069000,143900,197760,5.17,23.82,26.05,9.09,9.39,3.63,91.2,bought up,10.14,27847449,up,yfinance (consolidated),2026-08-18,False,-32.7,12.0,False,+12% YoY rev; last earnings 2026-08-18; EPS miss -32.7%
OIA,2026-09-29,167025,747939,585700,230530,4.48,5.38,5.61,4.28,5.7,3.11,75.0,bought up,4.72,4195937,up,yfinance (consolidated),,False,,,False,
IIM,2026-09-29,175335,760769,553300,235100,4.34,10.64,10.45,-2.06,3.56,2.05,48.4,mixed,4.29,7950035,down,yfinance (consolidated),,False,,,False,
NAUT,2026-09-28,1024795,4102500,681500,871210,4.0,1.0,1.11,15.26,16.22,2.11,66.7,bought up,3.91,4553775,up,yfinance (consolidated),2026-07-28,False,21.4,,True,record revenue (5q high); last earnings 2026-07-28; EPS beat +21.4%
VKI,2026-09-29,154530,607046,668000,231680,3.93,7.58,7.58,-0.66,4.75,2.72,91.7,bought up,3.24,4601408,down,yfinance (consolidated),,False,,,False,
PMO,2026-09-29,95200,372384,203300,139190,3.91,9.05,9.07,0.11,3.03,2.08,72.7,bought up,4.55,3377522,up,yfinance (consolidated),,False,,,False,
PACB,2026-09-28,5812795,21281900,11358900,6850620,3.66,1.6,1.71,5.56,12.28,2.44,57.1,mixed,7.21,36392049,up,yfinance (consolidated),2026-08-05,False,-10.4,-1.9,False,-2% YoY rev; last earnings 2026-08-05; EPS miss -10.4%
BGDE,2026-09-28,57500,196700,80700,74770,3.42,5.78,5.26,-8.68,19.96,1.94,43.8,mixed,4.68,1034642,down,yfinance (consolidated),2025-11-14,False,101.9,-35.5,False,-35% YoY rev; last earnings 2025-11-14; EPS beat +101.9%
FWAC,2026-09-29,57010,188124,6200,53040,3.3,9.95,9.95,0.1,0.1,6.67,100.0,bought up,1.07,1871833,up,yfinance (consolidated),,False,,,False,
MSGY,2026-09-28,2840875,9295100,56134200,5639570,3.27,8.4,3.13,-61.21,200.96,10.11,6.8,sold off,0.51,29093664,down,yfinance (consolidated),,False,,,False,
WYY,2026-09-28,289625,943800,3929500,506960,3.26,5.41,5.9,7.86,14.75,0.9,85.1,bought up,0.76,5568420,up,yfinance (consolidated),2026-08-13,False,-50.0,1.9,False,+2% YoY rev; last earnings 2026-08-13; EPS miss -50.0%
INSE,2026-09-28,221770,695700,171200,294840,3.14,4.53,3.99,-12.69,15.34,2.29,11.8,sold off,3.7,2775843,down,yfinance (consolidated),2026-08-05,False,576.6,-24.3,False,-24% YoY rev; last earnings 2026-08-05; EPS beat +576.6%
GHRS,2026-09-28,198940,609700,180000,209420,3.06,23.48,23.42,-1.76,3.35,0.63,67.5,bought up,3.27,14279174,down,yfinance (consolidated),2026-08-06,False,30.3,,False,last earnings 2026-08-06; EPS beat +30.3%
KMX,2026-09-28,2111125,6364600,2725200,2798950,3.01,57.17,56.55,-1.15,4.47,1.29,12.3,sold off,3.83,359918125,down,yfinance (consolidated),2026-09-29,False,58.6,6.2,True,record revenue (5q high); +6% YoY rev; last earnings 2026-09-29; EPS beat +58.6%
